{
  "train_losses": [
    0.4078928358796133
  ],
  "train_accs": [
    0.8792433375634517
  ],
  "val_losses": [
    0.20044433274729687
  ],
  "val_accs": [
    0.9401633522727273
  ],
  "test_losses": [
    0.1931247919559751
  ],
  "test_accs": [
    0.9419948630136986
  ],
  "best_test_acc": 0.9419948630136986,
  "best_test_epoch": 1,
  "total_iterations": 788,
  "iterations_per_epoch": [
    788
  ],
  "n_params": 134794,
  "activation": "relu",
  "dataset": "mnist",
  "model_info": {
    "n_params": 134794,
    "activation": "relu",
    "dataset": "mnist"
  }
}