{
  "train_losses": [
    0.4016235115545504,
    0.15182624239034875,
    0.10818980494395919,
    0.08182394344461279,
    0.06500780864483983,
    0.05495131094845456,
    0.04260283908576274,
    0.03541185718576653,
    0.028065288548126135,
    0.02370110628138081,
    0.01844576902104439,
    0.01606998127075722,
    0.013716206697373416,
    0.01128335824112324,
    0.00755200959637879,
    0.003669913477397085,
    0.002649649466340246,
    0.0023667213931753742,
    0.0022182683252292474,
    0.0021022671096638966,
    0.002005059399107729,
    0.001919849453081393,
    0.0018501207343646004,
    0.0017902071738135788,
    0.0017373966693227843,
    0.0016503355990270794,
    0.0016445555576754644,
    0.0016359197432412025,
    0.0016306130641732387,
    0.0016273676998570395
  ],
  "train_accs": [
    0.8832883883248731,
    0.9534620875634517,
    0.9667473032994924,
    0.9742227157360406,
    0.9800920050761421,
    0.9829671637055838,
    0.9869130710659898,
    0.9889950824873096,
    0.991771097715736,
    0.9929806472081218,
    0.9944281408629442,
    0.9954988895939086,
    0.9962127220812182,
    0.9969067258883249,
    0.9981757614213198,
    0.9994844543147208,
    0.9997818845177665,
    0.9998413705583756,
    0.9998611992385786,
    0.9999008565989848,
    0.9999008565989848,
    0.9999008565989848,
    0.9999008565989848,
    0.9999206852791879,
    0.9999206852791879,
    0.9999603426395939,
    0.9999603426395939,
    0.9999603426395939,
    0.9999603426395939,
    0.9999603426395939
  ],
  "val_losses": [
    0.2033414374190298,
    0.14549221881580623,
    0.14316226982257582,
    0.10248444390229204,
    0.11759716367603025,
    0.09483968787191605,
    0.10363244379616597,
    0.08917451526080682,
    0.11720380528872325,
    0.09014676162835465,
    0.08848687672236172,
    0.09573623663296034,
    0.09773330043456306,
    0.1054697041399777,
    0.10853819958918559,
    0.09895975203570825,
    0.09818706177016297,
    0.09726368917009412,
    0.09672339743900177,
    0.09665366213580869,
    0.09689580404268451,
    0.0969132200929876,
    0.09672302320012188,
    0.09689464241157773,
    0.09706673515426122,
    0.09708484793769788,
    0.09710432259850098,
    0.09712556547442959,
    0.09713632549094407,
    0.09714731426488883
  ],
  "val_accs": [
    0.9401633522727273,
    0.9564985795454546,
    0.9540127840909091,
    0.9680397727272727,
    0.9643110795454546,
    0.9717684659090909,
    0.9675071022727273,
    0.9724786931818182,
    0.9657315340909091,
    0.9749644886363636,
    0.9758522727272727,
    0.9742542613636364,
    0.9742542613636364,
    0.9742542613636364,
    0.9735440340909091,
    0.9753196022727273,
    0.9762073863636364,
    0.9763849431818182,
    0.9769176136363636,
    0.9765625,
    0.9769176136363636,
    0.9765625,
    0.9763849431818182,
    0.9765625,
    0.9765625,
    0.9763849431818182,
    0.9767400568181818,
    0.9767400568181818,
    0.9767400568181818,
    0.9767400568181818
  ],
  "test_losses": [
    0.20115385119501314,
    0.13522427095755185,
    0.13394830176036923,
    0.09736070271207181,
    0.11212620441057639,
    0.08700696503866855,
    0.09272959585233537,
    0.08262121343408971,
    0.10814180076132915,
    0.07790324286973427,
    0.0785238962470592,
    0.08031205449857458,
    0.08870377701565785,
    0.08838682817669956,
    0.08692479702678868,
    0.08133562112998666,
    0.08071800151461901,
    0.08125274896036438,
    0.0804199719672372,
    0.08091238600654542,
    0.08095886996014577,
    0.08138306363422362,
    0.08141517766974478,
    0.08103050394441542,
    0.08151667566260203,
    0.08158480909518918,
    0.08157131751277245,
    0.08157500658275588,
    0.08160301273583422,
    0.0816286686972261
  ],
  "test_accs": [
    0.9388793759512938,
    0.9595937975646879,
    0.958904109589041,
    0.9698915525114156,
    0.9668236301369864,
    0.9736729452054794,
    0.97224600456621,
    0.9756706621004566,
    0.9692494292237442,
    0.9778110730593608,
    0.9786672374429224,
    0.978167808219178,
    0.9765268264840182,
    0.976954908675799,
    0.9782391552511416,
    0.9806649543378996,
    0.980593607305936,
    0.9806649543378996,
    0.980736301369863,
    0.9802368721461188,
    0.9802368721461188,
    0.9800941780821918,
    0.9803795662100456,
    0.9805222602739726,
    0.9805222602739726,
    0.9804509132420092,
    0.9803082191780822,
    0.9803795662100456,
    0.9804509132420092,
    0.9804509132420092
  ],
  "lr_history": [
    0.01,
    0.01,
    0.01,
    0.01,
    0.01,
    0.01,
    0.01,
    0.01,
    0.01,
    0.01,
    0.01,
    0.01,
    0.01,
    0.01,
    0.01,
    0.001,
    0.001,
    0.001,
    0.001,
    0.001,
    0.001,
    0.001,
    0.001,
    0.001,
    0.001,
    0.0001,
    0.0001,
    0.0001,
    0.0001,
    0.0001
  ],
  "best_test_acc": 0.980736301369863,
  "best_test_epoch": 19,
  "total_iterations": 23640,
  "iterations_per_epoch": [
    788,
    788,
    788,
    788,
    788,
    788,
    788,
    788,
    788,
    788,
    788,
    788,
    788,
    788,
    788,
    788,
    788,
    788,
    788,
    788,
    788,
    788,
    788,
    788,
    788,
    788,
    788,
    788,
    788,
    788
  ],
  "n_params": 134794,
  "activation": "relu",
  "dataset": "mnist",
  "model_info": {
    "n_params": 134794,
    "activation": "relu",
    "dataset": "mnist"
  }
}